{
  "rdf_mse": 37.45591400919186,
  "rdf_mae": 1.2491620164303254,
  "coord_mae": 1.5472000000000006,
  "coord_diff": 1.5472000000000006,
  "sp_diff": 0.13,
  "sp2_diff": 0.8511999999999998,
  "sp3_diff": 0.1392,
  "angle_diff": 31.395622706798534,
  "first_peak_diff": 1.434
}