{
  "num_samples": 10,
  "coord_mean": 4.5440000000000005,
  "coord_mean_std": 1.0224988997549092,
  "coord_overall_dist": {
    "2": 68,
    "1": 55,
    "7": 29,
    "3": 70,
    "4": 71,
    "11": 8,
    "6": 36,
    "0": 22,
    "5": 60,
    "9": 25,
    "12": 5,
    "8": 26,
    "13": 7,
    "10": 15,
    "14": 1,
    "16": 2
  },
  "frac_sp": 0.136,
  "frac_sp2": 0.13999999999999999,
  "frac_sp3": 0.142,
  "angle_mean": 88.62695649108021,
  "angle_std": 52.65056409402607,
  "angle_histogram": [
    496,
    165,
    104,
    78,
    84,
    62,
    57,
    42,
    38,
    47,
    62,
    73,
    124,
    144,
    180,
    175,
    221,
    177,
    172,
    111,
    137,
    119,
    112,
    84,
    110,
    124,
    110,
    145,
    145,
    127,
    149,
    163,
    178,
    163,
    152,
    131,
    119,
    109,
    108,
    124,
    109,
    116,
    112,
    117,
    93,
    124,
    148,
    132,
    119,
    112
  ],
  "ring_counts": {
    "ring_3": 62.0,
    "ring_5": 1.7,
    "ring_4": 0.9,
    "ring_6": 1.1,
    "ring_7": 0.2
  },
  "rdf_r": [
    0.03,
    0.09,
    0.15,
    0.21,
    0.27,
    0.32999999999999996,
    0.39,
    0.44999999999999996,
    0.51,
    0.5700000000000001,
    0.63,
    0.69,
    0.75,
    0.81,
    0.87,
    0.9299999999999999,
    0.99,
    1.05,
    1.11,
    1.17,
    1.23,
    1.29,
    1.3499999999999999,
    1.41,
    1.47,
    1.53,
    1.59,
    1.65,
    1.71,
    1.77,
    1.8299999999999998,
    1.89,
    1.95,
    2.01,
    2.07,
    2.13,
    2.19,
    2.2499999999999996,
    2.3099999999999996,
    2.3699999999999997,
    2.4299999999999997,
    2.4899999999999998,
    2.55,
    2.61,
    2.6699999999999995,
    2.7299999999999995,
    2.7899999999999996,
    2.8499999999999996,
    2.9099999999999997,
    2.9699999999999998,
    3.03,
    3.09,
    3.15,
    3.2099999999999995,
    3.2699999999999996,
    3.3299999999999996,
    3.3899999999999997,
    3.4499999999999997,
    3.51,
    3.57,
    3.6299999999999994,
    3.6899999999999995,
    3.7499999999999996,
    3.8099999999999996,
    3.8699999999999997,
    3.9299999999999997,
    3.9899999999999998,
    4.05,
    4.11,
    4.17,
    4.23,
    4.29,
    4.3500000000000005,
    4.41,
    4.47,
    4.53,
    4.59,
    4.65,
    4.71,
    4.7700000000000005,
    4.83,
    4.89,
    4.95,
    5.01,
    5.07,
    5.13,
    5.19,
    5.25,
    5.31,
    5.37,
    5.43,
    5.49,
    5.55,
    5.61,
    5.67,
    5.73,
    5.79,
    5.85,
    5.91,
    5.97
  ],
  "rdf_g_mean": [
    60.0969065114997,
    8.14873308630504,
    2.4446199258915127,
    2.328209453230012,
    1.6976527263135506,
    0.46299619808551384,
    0.7835320275293312,
    0.33953054526271015,
    0.7190058605563273,
    1.6083025828233635,
    0.5335479996985445,
    0.31000615002247445,
    0.0407436654315252,
    0.1886280807015056,
    0.14049539803974212,
    0.19714676821705748,
    0.24693130564560728,
    0.4656418906460025,
    0.5781195770689387,
    1.1230625727920411,
    1.3415597154282692,
    2.29775322491741,
    2.3767138168389703,
    2.210560571284879,
    1.8708825963455453,
    1.7775422663753644,
    1.32609099753549,
    1.2963893546394387,
    0.8398913488077566,
    0.8804775156812651,
    0.9517987416380891,
    0.8892466661642405,
    1.0342622763387168,
    0.6689258503683244,
    1.136689216749073,
    1.0616307189904457,
    1.1441714265017355,
    1.575421730018975,
    1.5609586106883033,
    1.766418406366758,
    2.087484093096662,
    2.1844495321721356,
    2.6842885460769557,
    1.849856074189938,
    1.60227897764425,
    1.0185916357881306,
    0.7338240816968252,
    0.7183751536611026,
    0.7245651842204226,
    0.6379058729178191,
    0.6857844676593353,
    0.6625790252214052,
    0.8439759267958793,
    0.7901224838356524,
    0.9064531070775107,
    0.7983556064285346,
    0.6760563954345998,
    0.8857318572070699,
    0.5920019763554945,
    0.6590887055099669,
    0.6061041138573999,
    0.9274980748639887,
    0.9045093725798597,
    1.2752446463804152,
    1.27916158912928,
    1.1974283352013135,
    1.0798603056099727,
    1.1166782377529132,
    0.9888517340132941,
    1.1211835991049204,
    1.0547119065607586,
    1.232282188750675,
    1.1871861134358206,
    1.36505137585212,
    1.5313055464197394,
    1.2884172346724032,
    1.0452214824754018,
    1.1697374914212078,
    0.9666888772766329,
    0.8199982979929601,
    0.582052363307503,
    0.4874242183526022,
    0.5617687203437567,
    0.7197234312754455,
    0.783532027529331,
    0.7981946151790027,
    0.6358837957521275,
    0.6751807414367035,
    0.6617968255120622,
    0.967377531195431,
    0.7428403089725591,
    1.0686863064006613,
    0.8038615071625245,
    0.7898170437929352,
    0.9269722823045414,
    1.0719210408032156,
    1.0027586051800248,
    1.0394858231889128,
    0.9979095721173055,
    0.8650351077798695
  ],
  "rdf_g_std": [
    19.56650637348405,
    6.991361831185018,
    1.9960238111582107,
    2.0783426471123767,
    0.7592133796449888,
    0.7465589370895407,
    0.8583163320111469,
    0.4555280277869935,
    0.7948908871773108,
    0.5872690692707846,
    0.4575892511093283,
    0.3458893475345858,
    0.12223099629457562,
    0.25307112654832964,
    0.23298526003472905,
    0.3011466627901933,
    0.26908715182643916,
    0.3726953594949343,
    0.5429666837201459,
    0.5484724192705318,
    1.106590870247393,
    1.6172278123023598,
    1.2241947905309483,
    1.0384562142653333,
    0.5091897477444417,
    0.476415697541482,
    0.7851495829961505,
    0.6307632914522566,
    0.37527060265878487,
    0.5205111482229549,
    0.4024930047445965,
    0.341066890417893,
    0.5063338919896435,
    0.2562031546524027,
    0.7263541289419878,
    0.40678954387417626,
    0.38869424107258055,
    0.37539243945742856,
    0.8341277474030725,
    0.7086770635426649,
    0.49412717017285457,
    0.5200860192725998,
    0.5776958421040093,
    0.5778558243397274,
    0.5169221984491098,
    0.4707850137872226,
    0.24020923231057842,
    0.35898748346265824,
    0.2548508102904352,
    0.2791282663420788,
    0.2660623064864279,
    0.25806935529871594,
    0.31299411457492793,
    0.30714375729315363,
    0.167427242250672,
    0.32326822424203333,
    0.242711673888841,
    0.531439114324242,
    0.3109850996981454,
    0.30873921281571676,
    0.2220850657448696,
    0.23068845201868607,
    0.37950706795498085,
    0.4033395406375914,
    0.38488732873412723,
    0.311408879557654,
    0.2749634215258291,
    0.3583734971953717,
    0.28418728725743453,
    0.3022299241671365,
    0.3527232752331625,
    0.4925195114533477,
    0.3148633209526168,
    0.36011819357624536,
    0.39649875755511116,
    0.34979899666080266,
    0.25446835525665706,
    0.23289664222174777,
    0.3776906534287793,
    0.21208417218301387,
    0.20752975112628222,
    0.26335039975989266,
    0.20925515987412527,
    0.24670348480216342,
    0.33449432907919774,
    0.26128021760097997,
    0.26697190328698206,
    0.13323787588485833,
    0.16327691249783358,
    0.2233096213011082,
    0.2754640558481032,
    0.19249285138044367,
    0.23643340435281776,
    0.24752469103275998,
    0.20983981857688724,
    0.3168053941327256,
    0.2812561105299023,
    0.26681026476759445,
    0.1935320723606565,
    0.28356033021629745
  ],
  "rdf_first_peak": 0.030000000000000006
}