{
  "num_samples": 50,
  "coord_mean": 2.9968,
  "coord_mean_std": 0.013481839637082186,
  "coord_overall_dist": {
    "3": 2478,
    "2": 15,
    "4": 7
  },
  "frac_sp": 0.006000000000000001,
  "frac_sp2": 0.9911999999999999,
  "frac_sp3": 0.0027999999999999995,
  "angle_mean": 120.02257919787874,
  "angle_std": 8.602394771388514,
  "angle_histogram": [
    0,
    0,
    0,
    0,
    0,
    0,
    0,
    0,
    0,
    0,
    0,
    0,
    0,
    0,
    0,
    0,
    0,
    0,
    0,
    0,
    0,
    0,
    1,
    6,
    6,
    16,
    40,
    87,
    173,
    296,
    418,
    534,
    1327,
    1972,
    1302,
    601,
    305,
    201,
    115,
    40,
    19,
    7,
    7,
    2,
    0,
    0,
    2,
    0,
    3,
    11
  ],
  "ring_counts": {
    "ring_6": 4.4,
    "ring_5": 2.68,
    "ring_7": 0.74,
    "ring_8": 0.02
  },
  "rdf_r": [
    0.03,
    0.09,
    0.15,
    0.21,
    0.27,
    0.32999999999999996,
    0.39,
    0.44999999999999996,
    0.51,
    0.5700000000000001,
    0.63,
    0.69,
    0.75,
    0.81,
    0.87,
    0.9299999999999999,
    0.99,
    1.05,
    1.11,
    1.17,
    1.23,
    1.29,
    1.3499999999999999,
    1.41,
    1.47,
    1.53,
    1.59,
    1.65,
    1.71,
    1.77,
    1.8299999999999998,
    1.89,
    1.95,
    2.01,
    2.07,
    2.13,
    2.19,
    2.2499999999999996,
    2.3099999999999996,
    2.3699999999999997,
    2.4299999999999997,
    2.4899999999999998,
    2.55,
    2.61,
    2.6699999999999995,
    2.7299999999999995,
    2.7899999999999996,
    2.8499999999999996,
    2.9099999999999997,
    2.9699999999999998,
    3.03,
    3.09,
    3.15,
    3.2099999999999995,
    3.2699999999999996,
    3.3299999999999996,
    3.3899999999999997,
    3.4499999999999997,
    3.51,
    3.57,
    3.6299999999999994,
    3.6899999999999995,
    3.7499999999999996,
    3.8099999999999996,
    3.8699999999999997,
    3.9299999999999997,
    3.9899999999999998,
    4.05,
    4.11,
    4.17,
    4.23,
    4.29,
    4.3500000000000005,
    4.41,
    4.47,
    4.53,
    4.59,
    4.65,
    4.71,
    4.7700000000000005,
    4.83,
    4.89,
    4.95,
    5.01,
    5.07,
    5.13,
    5.19,
    5.25,
    5.31,
    5.37,
    5.43,
    5.49,
    5.55,
    5.61,
    5.67,
    5.73,
    5.79,
    5.85,
    5.91,
    5.97
  ],
  "rdf_g_mean": [
    0.0,
    0.0,
    0.0,
    0.0,
    0.0,
    0.0,
    0.0,
    0.0,
    0.0,
    0.0,
    0.0,
    0.0,
    0.0,
    0.0,
    0.0,
    0.0,
    0.0,
    0.0,
    0.0,
    0.0,
    0.0,
    0.033163448607055404,
    0.9642667485460967,
    3.805631728604163,
    5.4588196644482245,
    3.451228130670371,
    1.2530598991204915,
    0.33706123220625417,
    0.13938622384469151,
    0.04143423603205954,
    0.0100189341225062,
    0.0,
    0.0,
    0.0,
    0.008857318572070698,
    0.05164689984277844,
    0.14511442482461026,
    0.4074366543152521,
    0.6878800657270494,
    1.2558332319716954,
    2.062333682336461,
    2.6041583748703756,
    3.175609217457112,
    3.172854405730842,
    2.071517821097208,
    1.2088779853309684,
    1.0207821554349863,
    1.0957901597636523,
    1.0500944698846706,
    1.1461728103716942,
    1.0185916357881304,
    0.5320410680136058,
    0.3453510688957851,
    0.3350880895303009,
    0.3382845616103701,
    0.4423073589638547,
    0.4236620078056825,
    0.4995527674647872,
    0.45444857596701205,
    0.5820523633075032,
    0.7054378436284743,
    0.9871229511052454,
    1.2060124967731463,
    1.365073200087715,
    1.5713157792390542,
    1.5348854114853199,
    1.390798804955823,
    1.1906204453879032,
    0.8208212889854714,
    0.7225405416453929,
    0.8509935794031328,
    0.9274169998574444,
    0.8780962377483881,
    0.9991898903445469,
    1.0855862534439935,
    1.0266864037546584,
    0.94003358806068,
    0.9042465102222371,
    1.0043183771974684,
    0.8981543857704142,
    1.0704702159959725,
    1.058585417806805,
    1.0926710274818126,
    1.1174011238106918,
    1.1668600040744497,
    1.3533568400646967,
    1.4378039159506435,
    1.2677100472837415,
    1.1981399919270552,
    1.1540244901554908,
    1.0174661201684747,
    0.9017040710255579,
    0.7895461652541507,
    0.7222740690134014,
    0.7555901975528879,
    0.7796759013205478,
    0.7547077923197029,
    0.8033815055600744,
    0.863476158256943,
    0.8875567318877478
  ],
  "rdf_g_std": [
    0.0,
    0.0,
    0.0,
    0.0,
    0.0,
    0.0,
    0.0,
    0.0,
    0.0,
    0.0,
    0.0,
    0.0,
    0.0,
    0.0,
    0.0,
    0.0,
    0.0,
    0.0,
    0.0,
    0.0,
    0.0,
    0.10604263448331307,
    0.48928015293483534,
    0.7682590545807035,
    1.102965016503595,
    0.6849567222210436,
    0.5000411439177205,
    0.23039167206611708,
    0.19342603591901078,
    0.08141707305645732,
    0.039656083706045224,
    0.0,
    0.0,
    0.0,
    0.04583418695108464,
    0.10249368074558597,
    0.13942142962591175,
    0.23366017507569375,
    0.3439400328635245,
    0.3761828789959208,
    0.442103875661261,
    0.6349787286913106,
    0.5803000439239118,
    0.8003477779444315,
    0.4984754388978711,
    0.4565994397596547,
    0.3548641827907036,
    0.2965873540690379,
    0.3185094227849119,
    0.34739611374234275,
    0.37423612013392293,
    0.27893264845905136,
    0.18422465578577202,
    0.20170662030067862,
    0.24072084926154297,
    0.27571683262643276,
    0.20095548126315066,
    0.3112739501762393,
    0.21557636846392914,
    0.2396686201854425,
    0.30625737243669304,
    0.28822497395151736,
    0.4015267039861155,
    0.3956882035151271,
    0.4030085492213701,
    0.4238358382313943,
    0.4018706351520607,
    0.30153695828293875,
    0.28794000270066256,
    0.2658397073213391,
    0.2585727047833981,
    0.2651791757274908,
    0.3328436501344354,
    0.2754614221361405,
    0.31672719408272976,
    0.36208192596134414,
    0.25702975725425026,
    0.2698535284595158,
    0.34238121923243336,
    0.3100221458069164,
    0.3544824917545312,
    0.33846667146632387,
    0.3336429403349984,
    0.30726203910603883,
    0.24071280314064364,
    0.2937650098849485,
    0.34454322159611306,
    0.37690575959660344,
    0.2922350492012993,
    0.2959124698427771,
    0.3009233926678838,
    0.2189951486245534,
    0.21707777368928421,
    0.21342566225518317,
    0.2233802770939325,
    0.19224936150345562,
    0.16863808725597745,
    0.24319299332626493,
    0.24146918275280643,
    0.238462955089662
  ],
  "rdf_first_peak": 1.464
}